,surface_points,surface_disp_step1,surface_disp_step2,surface_disp_step3,surface_disp_step4,surface_disp_step5,surface_disp_step6,surface_disp_step7,surface_disp_step8,surface_disp_step9,surface_disp_step10,surface_disp_step11,surface_disp_step12,surface_disp_step13,surface_disp_step14,surface_disp_step15,surface_disp_step16,surface_disp_step17,surface_disp_step18,surface_disp_step19,surface_disp_step20
0,0.0,111.23708525011487,195.48665942032363,272.7127444110434,343.4233317548348,408.10105910924835,467.219424947681,521.2314832729228,570.5628630793008,615.609149010162,656.7356772093938,694.2785429775644,728.5461834076201,759.8212015155943,788.3622550505443,814.4059157820708,838.1684499402525,859.8474954890141,879.6236260873969,897.6617996768005,914.1126942053924
1,0.0125,83.61843386441356,144.85401292614955,200.130876404568,250.22393088480615,295.7155387981241,337.0882030124125,374.7554758467505,409.07793105076786,440.37342335982606,468.9243430973859,494.9830288225255,518.7759601088673,540.507101244759,560.3606311170518,578.5032152677437,595.0859272045486,610.245894636298,624.1077254715312,636.784754227303,648.3801396046968
2,0.025,34.59522182671195,60.546391185193485,84.16644159875871,105.66839213385998,125.24451259629657,143.07285153317778,159.31604996800712,174.12136228673748,187.62163022898503,199.93659587642165,211.17424573580755,221.43206451523181,230.79816152708807,239.35226727615827,247.16661061907192,254.30669052008687,260.8319563718617,266.7964094631156,272.24913645406616,277.23478406283266
3,0.037500000000000006,-32.741758642971845,-56.81271056050021,-78.51724411529673,-98.1430998610014,-115.91879726824351,-132.0392787934465,-146.6737881180873,-159.97050569092198,-172.06002804687324,-183.0581105020802,-193.06785545169407,-202.1814743840192,-210.48172189245054,-218.04307663059544,-224.9327257175597,-231.21139498521725,-236.93405689388857,-242.1505401279722,-246.90605912894776,-251.24167758527136
4,0.05,-88.16896620848347,-154.66357688123915,-215.63850137285192,-271.5454031238995,-322.77710850302793,-369.70407215182985,-412.67484871165664,-452.01456366650376,-488.02458445979465,-520.983109252177,-551.1462556788839,-578.7493867343875,-604.0085241525571,-627.1217657339268,-648.2706606460729,-667.6215182851906,-685.3266388232668,-701.5254609167871,-716.3456263652281,-729.9039640059661
5,0.0625,-103.59701948997686,-179.30671481858244,-247.51867095531853,-309.23411908223386,-365.2064209184814,-416.05621615818706,-462.311793328922,-504.4307800875434,-542.8142831402696,-577.8168974998356,-609.7541373652482,-638.9081493530292,-665.532230469912,-689.8544848308616,-712.0808411110352,-732.3975831032859,-750.9735009222733,-767.9617406413752,-783.5014098766654,-797.7189827018819
6,0.07500000000000001,-89.47795621191891,-157.05007250920903,-218.9401095489295,-275.596504465591,-327.43055535010404,-374.83629202864495,-418.18471854052854,-457.8203336586011,-494.06052627547257,-527.1964825752528,-557.4947524525753,-585.1990468797037,-610.5320618671323,-633.6972347566876,-654.8803923407498,-674.2512766384125,-691.9649470044345,-708.1630633478434,-722.9750579265045,-736.5192041412798
7,0.08750000000000001,-31.422477324787256,-54.3336580622604,-75.00191185724069,-93.73737947065922,-110.76423459597272,-126.26359949135099,-140.38869137742356,-153.27231952958851,-165.0313348908938,-175.76955964384578,-185.57986120694827,-194.54570476604542,-202.742367010692,-210.23791734024857,-217.09403175121315,-223.366681393034,-229.10672402029985,-234.36041806675968,-239.16987360774976,-243.5734508493971
8,0.1,32.83732830608999,57.535878177803426,80.22620422235991,101.0852771431035,120.25331888315303,137.85821835706278,154.01968942457083,168.85000784326874,182.45416329970237,194.92997926190858,206.36830691327916,216.85329588652004,226.4627211161545,235.26834353030935,243.33628637977642,250.7274138149509,257.49770244483284,263.69859978565216,269.3773658285677,274.5773956060561
9,0.1125,84.15121741569394,145.67031606231885,201.07599048725353,251.1805949929114,296.60086205477785,337.84673565632926,375.352529129944,409.4941074467851,440.60038385414225,468.96160567857544,494.83557171241716,518.4524378348137,540.0185233669647,559.7193893810216,577.7223731140546,594.1787068837076,609.2253131292431,622.9863423359095,635.5745034174878,647.0922240275187
10,0.125,109.7541563679302,192.56820706118995,268.45729391312625,337.9812652713929,401.6393878185066,459.9055114824142,513.2250230676019,562.0119304566632,606.648436734278,647.485987005523,684.8470042038452,719.0268902414751,750.2960781098731,778.9020292769601,805.071126576704,829.0104416897333,850.909371354841,870.9411442278653,889.2642042056473,906.0234778390002
11,0.1375,83.41798823154805,144.3345878902123,199.22940901696057,248.91621987571904,294.0012435254787,334.98120622541575,372.2778975771426,406.2563919621327,437.23667424024165,465.50173839264755,491.303536947632,514.8675257691461,536.3962449004264,556.0722115076353,574.0603055110491,590.5097703973692,605.5559149187889,619.3215772866339,631.9183972161252,643.4479299393577
12,0.15000000000000002,34.98574887144735,61.458224082350924,85.6584568662819,107.75670429771357,127.92201224341746,146.3196681147661,163.1052860919842,178.42236691806986,192.40195320421617,205.16320389550822,216.8143033702401,227.45344582736087,237.16978705639482,246.04432334355474,254.1506868346198,261.55585910245037,268.3208094083185,274.50106548578833,280.1472245674897,285.30541170918747
13,0.16250000000000003,-32.60147499122697,-56.478335843154206,-77.96338399621948,-97.36533312655783,-114.92587577399912,-130.84782450341848,-145.30483013428838,-158.44724028388094,-170.40636592977773,-181.29773143503456,-191.22359552730248,-200.2749366198534,-208.53304011997588,-216.07078646844246,-222.95371111113036,-229.24088816377272,-234.98567579616773,-240.23635160489096,-245.0366592544325,-249.42628261175662
14,0.17500000000000002,-88.1349447608957,-154.59132376879475,-215.5265610340726,-271.39494334354185,-322.5911586863795,-369.4869465297082,-412.43164382283675,-451.75073405976843,-487.74560586286646,-520.6942268432974,-550.8523072267587,-578.4546875638445,-603.7168010803226,-626.8361286005082,-647.9936019121219,-667.3549329440584,-685.0718584526267,-701.2832970180029,-716.1164192335222,-729.6876342662076
15,0.1875,-103.56896676974665,-179.24439351094583,-247.41939310698888,-309.0982989054592,-365.03664943043384,-415.8565630954428,-462.08725635839664,-504.1868528568023,-542.5566245924853,-577.5510863561165,-609.4854963583914,-638.6416252097903,-665.272317561582,-689.6051824402389,-711.8456361446166,-732.1794517048559,-750.7749237997152,-767.7847280248005,-783.3475329189755,-797.5894088498133
16,0.2,-89.45747860615172,-157.0034454667395,-218.8645365776463,-275.4916456528464,-327.2977410912224,-374.6779234397145,-418.00381268193064,-457.62018631014195,-493.84446909566253,-526.9677143544948,-557.2562273558905,-584.953405800491,-610.2815959173322,-633.443872342312,-654.625703210444,-673.9964878119175,-691.7109666700431,-707.9105097386268,-722.7242909051782,-736.2703577894985
17,0.21250000000000002,-31.40852817354362,-54.30233188991169,-74.95209489593235,-93.66974202679053,-110.68054175538983,-126.16623495736201,-140.2803315143091,-153.15571212221596,-164.9091517280388,-175.64430188455083,-185.45380276896742,-194.42086304111302,-202.62049297625668,-210.1204991210669,-216.98230716649914,-223.2616561587458,-229.0091931517567,-234.2709887031211,-239.08898799954332,-243.50140864608744
18,0.225,32.846715372772,57.557137285932036,80.26015347611144,101.13140616950906,120.31032128878356,137.9243879650937,154.0931922505929,168.92905682455793,182.5371228356453,195.0154214738009,206.45503578136535,216.94035063809292,226.5493666768342,235.35405332908658,243.42072105392072,250.8103981657197,257.57920217902733,263.7786990217934,269.4562459676126,274.6553159091036
19,0.2375,84.15717922498776,145.68339244341257,201.09629468055442,251.20744126746567,296.63311290631896,337.88305325158353,375.3915461479269,409.5345349995879,440.64107313010857,469.0015771803113,494.8740228187229,518.4887365869725,540.052194099064,559.7500940828925,577.7498911469021,594.2029147585056,609.246165414359,623.0038543106489,635.588735778178,647.1032697429853
20,0.25,109.75781619215427,192.5757845321114,268.4684027778467,337.99509920628316,401.65497579886545,459.92188233996967,513.2413044229676,562.0274016984182,606.66255073522,647.4983713682462,684.8574498588688,719.0353329587894,750.3025767652724,778.9067434242431,805.0742949291708,829.0123624373742,850.9103847756495,870.9416177408831,889.2645198172705,906.0240218192253
21,0.2625,83.42059300650617,144.33987129788818,199.23696943803216,248.92535582004234,294.0111527998199,334.9911122868282,372.2871216584579,406.2643871906208,437.2430345331667,465.50619164874695,491.3059293443971,514.8678018634457,536.39442664319,556.0683781247582,574.0545753790324,590.502285473172,605.5468279033727,619.3110414590573,631.9065587301005,643.4349222970538
22,0.275,34.98754774368092,61.46173088851972,85.66325556713429,107.76219093649492,127.92755147528622,146.32469220542072,163.10934950752284,178.42516903003184,192.4033396604677,205.1631548690829,216.8129147052577,227.45090726033325,237.1663602484986,246.04032138494415,254.14645611630655,261.5517639297099,268.317219392257,274.4983455463439,280.14572727167354,285.30547162216186
23,0.28750000000000003,-32.6001105456678,-56.475802873409854,-77.96013280979112,-97.3619449524978,-114.92293079856026,-130.84582335513502,-145.3041557252358,-158.44814768270223,-170.40899004577804,-181.30210471361602,-191.2296700886002,-200.28260711623443,-208.54216500829182,-216.08120642928608,-222.96526406718206,-229.25342082340396,-234.99905194014968,-240.25045749553365,-245.05140661855424,-249.4416096622129
24,0.30000000000000004,-88.13386049300898,-154.5894167328098,-215.52429005990138,-271.39284964370853,-322.58974677260534,-369.48661439897734,-412.43265013476076,-451.75319095753895,-487.74948810997455,-520.6993901887897,-550.8585109496158,-578.4616178198942,-603.7240929578944,-626.8433857229096,-648.0004130687413,-667.360885652941,-685.0765496142029,-701.2863409603918,-716.1174535119128,-729.6863235901864
25,0.3125,-103.56794131814229,-179.24261653633073,-247.41732846988376,-309.0964884713066,-365.0356010870387,-415.8566887042396,-462.08884643045116,-504.1900758900737,-542.5615412748732,-577.5576713016019,-609.493662262445,-638.6512461213895,-665.2832493501037,-689.6172795296242,-711.8587642627406,-732.1934968245788,-750.7897976943003,-767.8003709780508,-783.3639141618803,-797.6065252725623
26,0.325,-89.45636315876165,-157.00145264107144,-218.86210194212114,-275.489283941021,-327.29592522727853,-374.67701421159273,-418.00402634778374,-457.621588362289,-493.84698454340645,-526.9711472535631,-557.2602844464163,-584.9577208484337,-610.2857526673376,-633.4474249321112,-654.6281935396261,-673.9974597733021,-691.70997740249,-707.9071381962219,-722.7181440975288,-736.2610750592145
27,0.3375,-31.40715091332309,-54.29975487233289,-74.94874304731384,-93.66616440770068,-110.67728469007884,-126.16377051139588,-140.27902615858375,-153.155821977866,-164.91083359235108,-175.64763215230312,-185.458798894377,-194.42750418365503,-202.62873795015744,-210.13030079882566,-216.9936231640562,-223.2744560422237,-229.0234626283856,-234.28673135220257,-239.10622510893907,-243.52017767926068
28,0.35000000000000003,32.8486087413415,57.56090468331771,80.26545658396049,101.13773654774158,120.31715984758112,137.93130145857214,154.09988302420803,168.935380321263,182.54308436087004,195.02116071673703,206.46080505476547,216.94649082720903,226.5562834320007,235.3621950025095,243.43055917260452,250.82241076427238,257.5938600198323,263.79645455315847,269.4775247741502,274.68051036490573
29,0.36250000000000004,84.15988773473931,145.68904908891994,201.1046706524921,251.21798658374234,296.6451364742958,337.895838458018,375.40441790993873,409.54689289774035,440.6524025552157,469.0114474519595,494.8820785486978,518.4946863915291,540.0557991408859,559.7511577830779,577.7482506525664,594.1984342847586,609.2387313159045,622.9933716111,635.5751258444343,647.0864688021882
30,0.375,109.76187113974079,192.5845840799174,268.4819816362853,338.0130353834144,401.67664142311736,459.9466125162255,513.2685022147266,562.0565962013843,606.693422369128,647.5307553613399,684.8913260604132,719.0708077966782,750.3398613774519,778.9461306640754,805.1161369843933,829.0570501229421,850.9583290893607,870.9932339499303,889.3202141304835,906.0841805620755
31,0.3875,83.42654698289856,144.35298690989126,199.2574502361108,248.95263656137482,294.04421646004346,335.02870790503374,372.32790859977507,406.3070274108645,437.28624936945164,465.5487950498259,491.34684577866744,514.906074421285,536.4292189339399,556.0989722704683,574.0803675563981,590.5227799144418,605.5616299331955,619.3198499435367,631.9091581961363,643.4311749108779
32,0.4,34.997007904722096,61.4831756522097,85.69766761076028,107.80936375576604,127.98658564897065,146.39434776083164,163.18828111257457,178.512073667279,192.49704236769648,205.262652248715,216.917390507859,227.55973010639033,237.27907044780156,246.15661161430407,254.26614918011714,261.6747897572766,268.4435926779501,274.62814491442185,280.2790764796263,285.44252305878007
33,0.41250000000000003,-32.58668242284912,-56.44554063762517,-77.91165050142375,-97.29549706817673,-114.83986686421251,-130.7482049875772,-145.19447771064918,-158.32913026547882,-170.28342318227533,-181.17273203935454,-191.09910409551432,-200.15326921694788,-208.41624555680102,-215.96064072943707,-222.85172110533023,-229.14830200294554,-234.90349752856724,-240.1653588537563,-244.9774225894079,-249.37918576265946
34,0.42500000000000004,-88.11501683527622,-154.54726667994183,-215.45659621115064,-271.2992229068654,-322.4710414809211,-369.3445069322641,-412.26932141653054,-451.5710846989767,-487.5511308290849,-520.4872621529541,-550.6349581178421,-578.2287958411663,-603.4839355423388,-626.597591052,-647.7504431786971,-667.1079748277707,-684.8217187403274,-701.0304155346627,-715.8610835828008,-729.4300043739007
35,0.4375,-103.53008988458257,-179.15387641046033,-247.271210379835,-308.89188658108765,-364.7750608776084,-415.54512270870606,-461.73261105226754,-503.7963113362875,-542.1376979490304,-577.1111695871197,-609.0316502466768,-638.1804312608773,-664.8097871206054,-689.1467064259404,-711.3959652771368,-731.7426994368847,-750.3545858356654,-767.3837135818856,-782.9682038863465,-797.2336238145721
36,0.45,-89.39552793941641,-156.86144990283483,-218.63440296038317,-275.17237993898027,-326.8925757947256,-374.19253575277617,-417.4452030568697,-456.9959579750265,-493.1623583809697,-526.2352838762533,-556.480668551558,-584.1414167611335,-609.4393118903414,-632.5768333319155,-653.7388476663422,-673.0941644725262,-690.7969587707847,-706.988067329296,-721.7961681392973,-735.338852877084
37,0.4625,-31.349540820871187,-54.171870186065945,-74.743138226827,-93.38105529865517,-110.31521425191211,-125.73048252234058,-139.78249305891362,-152.60543095517102,-164.31672996823764,-175.02020829354876,-184.80831046487594,-193.76379340268068,-201.96104400331117,-209.46713938247706,-216.3427195400167,-222.64271848710482,-228.416985541225,-233.71081941735383,-238.56543175353934,-243.0183526116656
38,0.47500000000000003,32.96248114176896,57.82357531259529,80.69129615290261,101.7270232643308,121.06230829806475,138.8204051135598,155.11869662061997,170.06845717785197,183.77446105608584,196.33479351567067,207.84086309093158,218.37756063067434,228.02351422463906,236.85140160856815,244.92829300566734,252.31600598032463,259.07146002738415,265.2470229020861,270.8908436500487,276.0471693264057
39,0.48750000000000004,84.15496400777938,145.67818177084035,201.08794939046115,251.20167269703217,296.6396245011555,337.9139101821073,375.4600049917223,409.65422685253805,440.82542834354166,469.26341804801405,495.2252792407179,518.9402560921769,540.6136262015077,560.4298335418949,578.5550674524613,595.1394171219195,610.3186941656548,624.2159910559907,636.9430259960893,648.6013126981178
40,0.5,108.27385927755076,189.47899511052668,263.7294024146257,331.6668283350377,393.83145922690784,450.71679949268395,502.77604716563377,550.4241269173536,594.0400722204979,633.9697600444516,670.5287020853282,704.0047221425904,734.6604466285273,762.7355862577624,788.4490109920638,812.0006306528368,833.5730973270312,853.333346307378,871.4339915503871,888.0145903392022
